frame,time_from_start_s,timestamp_quality,frame_id,length_unit,coordinate_domain,robot_execution_ready,x,y,z,qx,qy,qz,qw
0,0.0,source_frame_pts,reconstruction_camera0,reconstruction_unit,camera_reconstruction,False,-1.0842021724855044e-19,0.0,0.0,-1.070338593107373e-22,4.920572731064049e-21,-2.14058922882039e-20,1.0
1,0.033333,source_frame_pts,reconstruction_camera0,reconstruction_unit,camera_reconstruction,False,-0.0011953760828847288,0.0012008277595416874,0.002258825777477112,-0.0001433748037265239,-0.0001545362093208791,-3.530626301354382e-05,0.9999999771578465
2,0.066667,source_frame_pts,reconstruction_camera0,reconstruction_unit,camera_reconstruction,False,-0.0029175927447288885,0.00209879615311832,0.0040721580003122955,-0.00034127373394201926,-0.00020819818787951933,6.393241393560767e-05,0.9999999180491964
3,0.1,source_frame_pts,reconstruction_camera0,reconstruction_unit,camera_reconstruction,False,-0.005338070251805267,0.002966838318359881,0.005110147984728319,-0.0004664034228103827,-0.00019975309135035469,1.4009170310358063e-05,0.9999998711851382
4,0.133333,source_frame_pts,reconstruction_camera0,reconstruction_unit,camera_reconstruction,False,-0.008152450201492687,0.0037767446097236334,0.005977571716092749,-0.0005799597932173361,-0.0001789321659880835,-0.00010488651362616491,0.9999998103143508
5,0.166667,source_frame_pts,reconstruction_camera0,reconstruction_unit,camera_reconstruction,False,-0.011157048275902111,0.0040083372541128036,0.008974999444754677,-0.0006701172897276706,-0.00015600477589312243,-0.00017121827529725412,0.9999997486447836
6,0.2,source_frame_pts,reconstruction_camera0,reconstruction_unit,camera_reconstruction,False,-0.013090221087297465,0.0032295059133487947,0.013103334909822897,-0.0008714113230419458,-0.0001929040841504016,-0.00012078239319288847,0.9999995944208847
7,0.233333,source_frame_pts,reconstruction_camera0,reconstruction_unit,camera_reconstruction,False,-0.013281099485854764,0.002470867990952619,0.016723356894725767,-0.0010298307809092798,-5.09966395860544e-05,-9.092322476592709e-05,0.9999994642902928
8,0.266667,source_frame_pts,reconstruction_camera0,reconstruction_unit,camera_reconstruction,False,-0.012268097207133408,0.001474314834119035,0.02049199900856493,-0.0011870512414798875,9.435314498838861e-05,1.9601383855652546e-05,0.9999992908110585
9,0.3,source_frame_pts,reconstruction_camera0,reconstruction_unit,camera_reconstruction,False,-0.01090552019087361,-0.0004886399633537073,0.025201265476624518,-0.0014690581786297643,0.000346219496839848,0.00026614386216617785,0.9999988255830966
10,0.333333,source_frame_pts,reconstruction_camera0,reconstruction_unit,camera_reconstruction,False,-0.008725937267611093,-0.003257738436556126,0.03063236264683569,-0.0017425310828667125,0.0005427587437294919,0.0005870740176255529,0.9999981621695457
11,0.366667,source_frame_pts,reconstruction_camera0,reconstruction_unit,camera_reconstruction,False,-0.005931122376211743,-0.0065114694127735885,0.037676830871709234,-0.0019443976567144327,0.0007562308588717514,0.001026099625529341,0.9999972972724472
12,0.4,source_frame_pts,reconstruction_camera0,reconstruction_unit,camera_reconstruction,False,-0.0033142817701840104,-0.011075317496380108,0.04479557347695324,-0.0022189522790674685,0.0010092589206402245,0.0014451149652558194,0.9999959846369142
13,0.433333,source_frame_pts,reconstruction_camera0,reconstruction_unit,camera_reconstruction,False,-0.0009527726050841497,-0.015463858436687718,0.05441555044405916,-0.0024050881305788872,0.00136207191489679,0.001907325163661439,0.9999943611950534
14,0.466667,source_frame_pts,reconstruction_camera0,reconstruction_unit,camera_reconstruction,False,0.00047856973870388385,-0.019825962475408222,0.0642157909867637,-0.0026234039530248767,0.0017054178595219908,0.0022288816489775994,0.999992620666882
15,0.5,source_frame_pts,reconstruction_camera0,reconstruction_unit,camera_reconstruction,False,0.002123875076594138,-0.023701679546480937,0.07562835694707112,-0.002820063127630181,0.002007128553319941,0.0025640481268476936,0.9999907221250255
16,0.533333,source_frame_pts,reconstruction_camera0,reconstruction_unit,camera_reconstruction,False,0.003800410332126469,-0.027288979104541637,0.08800187495210963,-0.003125198091534596,0.0024511757357015083,0.00290273326724361,0.9999878994337784
17,0.566667,source_frame_pts,reconstruction_camera0,reconstruction_unit,camera_reconstruction,False,0.0046825063869316156,-0.03069392639406209,0.10288526689103546,-0.003334846798722964,0.002949292123110055,0.0030493739616096476,0.9999854407896367
18,0.6,source_frame_pts,reconstruction_camera0,reconstruction_unit,camera_reconstruction,False,0.004492678170608496,-0.03401149102072762,0.12018897310084253,-0.003578038113501976,0.0034823248424451303,0.003248007572694075,0.9999822605945357
19,0.633333,source_frame_pts,reconstruction_camera0,reconstruction_unit,camera_reconstruction,False,0.0032274001456622002,-0.036879129011885,0.13952468615952238,-0.0037644384199737126,0.003990886338107509,0.00317110214656671,0.9999799227688496
20,0.666667,source_frame_pts,reconstruction_camera0,reconstruction_unit,camera_reconstruction,False,0.0011346057060117884,-0.03959226417712163,0.16075984024273762,-0.004036790641039418,0.004569349392666305,0.0033171245263143145,0.9999759107360162
21,0.7,source_frame_pts,reconstruction_camera0,reconstruction_unit,camera_reconstruction,False,-0.0017166702761136489,-0.0417531030234863,0.1844725295277124,-0.004194513482268084,0.0051305018993352694,0.0032465555976751814,0.999972771571136
22,0.733333,source_frame_pts,reconstruction_camera0,reconstruction_unit,camera_reconstruction,False,-0.005469108617662556,-0.04406204008975439,0.21045563889410088,-0.004333947459267198,0.005674753905221504,0.003167227972784186,0.9999694909018495
23,0.766667,source_frame_pts,reconstruction_camera0,reconstruction_unit,camera_reconstruction,False,-0.010354525376574383,-0.04676481835221017,0.23783208128990815,-0.004625310409576899,0.0061142949967430285,0.003100380773617686,0.9999658041850064
24,0.8,source_frame_pts,reconstruction_camera0,reconstruction_unit,camera_reconstruction,False,-0.015509882069106183,-0.04952610232026048,0.2662094496831267,-0.004866359407499212,0.00662601995853389,0.003473842012375854,0.9999601726205396
25,0.833333,source_frame_pts,reconstruction_camera0,reconstruction_unit,camera_reconstruction,False,-0.021022777325354586,-0.053091104099986026,0.29437261977327106,-0.005243148332199737,0.007200892364318447,0.004020324834129169,0.999952245626236
26,0.866667,source_frame_pts,reconstruction_camera0,reconstruction_unit,camera_reconstruction,False,-0.026312397050134367,-0.05711636264081273,0.3224357557096394,-0.005513112489676893,0.007793319943140322,0.004527303276517602,0.9999441850823387
27,0.9,source_frame_pts,reconstruction_camera0,reconstruction_unit,camera_reconstruction,False,-0.030176123384551154,-0.06105790110536443,0.35005252764733563,-0.005855847459288761,0.008492553275040554,0.00535829565679008,0.9999324348460044
28,0.933333,source_frame_pts,reconstruction_camera0,reconstruction_unit,camera_reconstruction,False,-0.03283770937592261,-0.06448428664630998,0.3776003432938859,-0.00610607975514419,0.009333110748813786,0.0058659704975734545,0.9999205964594869
29,0.966667,source_frame_pts,reconstruction_camera0,reconstruction_unit,camera_reconstruction,False,-0.03543662433839854,-0.06857970365630137,0.4049188240883969,-0.006497752317141502,0.010236206639073049,0.006360989348863867,0.9999062641582815
30,1.0,source_frame_pts,reconstruction_camera0,reconstruction_unit,camera_reconstruction,False,-0.036682961847549746,-0.07239859851496915,0.4318019094662159,-0.006735382540860349,0.011090126379671302,0.006712071286824246,0.999893290215487
31,1.033333,source_frame_pts,reconstruction_camera0,reconstruction_unit,camera_reconstruction,False,-0.0369551105476582,-0.07578571757680203,0.45910633784180016,-0.006866367186371909,0.012132070534468777,0.007173239592444097,0.999877097697491
32,1.066667,source_frame_pts,reconstruction_camera0,reconstruction_unit,camera_reconstruction,False,-0.037086341015425996,-0.07890492429286038,0.48619831517556694,-0.006973398263154034,0.01321088167776772,0.007327645152913053,0.9998615653871653
33,1.1,source_frame_pts,reconstruction_camera0,reconstruction_unit,camera_reconstruction,False,-0.03757525790717745,-0.0821528955597414,0.5143271314980437,-0.007087573833248133,0.014231242009223256,0.007539626808623571,0.9998451840538214
34,1.133333,source_frame_pts,reconstruction_camera0,reconstruction_unit,camera_reconstruction,False,-0.0387272233834309,-0.0849723153843363,0.543344519855709,-0.0072951856083334566,0.01536674685671446,0.007789299853401885,0.9998249697650963
35,1.166667,source_frame_pts,reconstruction_camera0,reconstruction_unit,camera_reconstruction,False,-0.04187048911915884,-0.08774840611999145,0.5724325536865074,-0.007325944487932889,0.016436289465667688,0.007788887060940382,0.999807737599741
36,1.2,source_frame_pts,reconstruction_camera0,reconstruction_unit,camera_reconstruction,False,-0.047321314696407164,-0.09165809115681843,0.6003870336808212,-0.0075549737841506,0.017519696024727582,0.00773763090585626,0.9997880333802195
37,1.233333,source_frame_pts,reconstruction_camera0,reconstruction_unit,camera_reconstruction,False,-0.05285418551038409,-0.09502388454785553,0.6269056270709382,-0.007522492625812489,0.01852081401370012,0.007788065037052564,0.999769842311691
38,1.266667,source_frame_pts,reconstruction_camera0,reconstruction_unit,camera_reconstruction,False,-0.058508046895970146,-0.0984768220461931,0.655382412360041,-0.007772318716416203,0.01953655496420542,0.007466429159222419,0.9997510522712699
39,1.3,source_frame_pts,reconstruction_camera0,reconstruction_unit,camera_reconstruction,False,-0.06528157116615009,-0.10144877042815469,0.6833451998103427,-0.007859796408409106,0.020776197669695566,0.007465176255626198,0.9997253844702958
40,1.333333,source_frame_pts,reconstruction_camera0,reconstruction_unit,camera_reconstruction,False,-0.07246405849346087,-0.10535232921596602,0.7090770021563755,-0.008143216115207557,0.022046077929412707,0.007434274707633436,0.9996961488566427
41,1.366667,source_frame_pts,reconstruction_camera0,reconstruction_unit,camera_reconstruction,False,-0.07929746747639174,-0.10987729802657291,0.7334596945879219,-0.008309782590308146,0.023528466730576243,0.007673433127624406,0.9996591805163628
42,1.4,source_frame_pts,reconstruction_camera0,reconstruction_unit,camera_reconstruction,False,-0.08512219862972949,-0.1148624058378681,0.7552188446140725,-0.008436454408146703,0.025198245491950162,0.00814743571747778,0.9996136723516622
43,1.433333,source_frame_pts,reconstruction_camera0,reconstruction_unit,camera_reconstruction,False,-0.08897505376871999,-0.1196615460727281,0.7759827334897791,-0.008270878211620182,0.027204038299782782,0.00815144362529189,0.9995624476942981
44,1.466667,source_frame_pts,reconstruction_camera0,reconstruction_unit,camera_reconstruction,False,-0.09184584471504911,-0.12450456659087976,0.795503830248273,-0.008321011600983771,0.02951395783647119,0.008426013447081455,0.9994942167697385
45,1.5,source_frame_pts,reconstruction_camera0,reconstruction_unit,camera_reconstruction,False,-0.09427855462629564,-0.12922731844645918,0.8152801155463654,-0.008427174746401854,0.03127949583564835,0.008322847397440457,0.9994404965165561
46,1.533333,source_frame_pts,reconstruction_camera0,reconstruction_unit,camera_reconstruction,False,-0.09674527826404988,-0.1331869199900561,0.8350815214538597,-0.008258176771238673,0.033306713536367216,0.008389236121101155,0.9993758482508599
47,1.566667,source_frame_pts,reconstruction_camera0,reconstruction_unit,camera_reconstruction,False,-0.09849035178022554,-0.13655469041137647,0.8529790243468702,-0.008059873012974847,0.03514728901850629,0.008407925805511899,0.9993142715408968
48,1.6,source_frame_pts,reconstruction_camera0,reconstruction_unit,camera_reconstruction,False,-0.09937797861045286,-0.13939560718545974,0.8691265419276333,-0.00792089619029722,0.036609187046301686,0.00842240546244252,0.9992627732051153
49,1.633333,source_frame_pts,reconstruction_camera0,reconstruction_unit,camera_reconstruction,False,-0.10019959588179525,-0.1416777899829421,0.884634381888724,-0.007687645257807575,0.0377549977307827,0.008292982587008701,0.9992230415160323
50,1.666667,source_frame_pts,reconstruction_camera0,reconstruction_unit,camera_reconstruction,False,-0.10034083519990353,-0.14345229751695796,0.8999274614136643,-0.007199616636471079,0.0389717886373394,0.007999330815046389,0.9991823536858554
51,1.7,source_frame_pts,reconstruction_camera0,reconstruction_unit,camera_reconstruction,False,-0.09994350207421383,-0.1452117517635489,0.913888239761148,-0.00676698172647298,0.0398903247121548,0.007966080566229154,0.9991493939912515
52,1.733333,source_frame_pts,reconstruction_camera0,reconstruction_unit,camera_reconstruction,False,-0.09989702985992359,-0.14765193833497203,0.9275850211502766,-0.006599557288114716,0.04081459715163171,0.007929284630409468,0.9991134775130405
53,1.766667,source_frame_pts,reconstruction_camera0,reconstruction_unit,camera_reconstruction,False,-0.10004904675713709,-0.15026981429802866,0.9410999536645931,-0.006474532517440418,0.041659338700526335,0.008245462692370245,0.9990768700519015
54,1.8,source_frame_pts,reconstruction_camera0,reconstruction_unit,camera_reconstruction,False,-0.10071224951675345,-0.15260876893735636,0.9543001595611468,-0.006213733868311328,0.042622936818260036,0.008356992530057429,0.999036953993321
55,1.833333,source_frame_pts,reconstruction_camera0,reconstruction_unit,camera_reconstruction,False,-0.10208484738293994,-0.15450554111389583,0.9674848191228141,-0.005927346924435695,0.043306637600669676,0.00838587570191683,0.999009048400901
56,1.866667,source_frame_pts,reconstruction_camera0,reconstruction_unit,camera_reconstruction,False,-0.10384775027243931,-0.15595928167229325,0.9803180260736182,-0.0054020152357377865,0.04426535086949162,0.008505090274740217,0.9989689987097761
57,1.9,source_frame_pts,reconstruction_camera0,reconstruction_unit,camera_reconstruction,False,-0.10557968887777718,-0.15739569296370168,0.9934725025134599,-0.005025374231722158,0.045069260120729246,0.008596432868080603,0.9989342364479985
58,1.933333,source_frame_pts,reconstruction_camera0,reconstruction_unit,camera_reconstruction,False,-0.10705925015254665,-0.15858023989272135,1.0068503082926197,-0.004515116683360242,0.04640387918323772,0.008686362760625243,0.9988747873582925
59,1.966667,source_frame_pts,reconstruction_camera0,reconstruction_unit,camera_reconstruction,False,-0.10769743470262691,-0.1593881779635998,1.0197468895446404,-0.004024582954745758,0.04731685862773567,0.008691006937446722,0.9988340122463073
60,2.0,source_frame_pts,reconstruction_camera0,reconstruction_unit,camera_reconstruction,False,-0.10855385069722154,-0.15941165383038977,1.0330704882481483,-0.003267961566432857,0.04860057648422452,0.008826709481494166,0.9987739451909681
61,2.033333,source_frame_pts,reconstruction_camera0,reconstruction_unit,camera_reconstruction,False,-0.10908528622050512,-0.15889784820547495,1.046450436060792,-0.002709808796069773,0.049882931077304245,0.008671143719774779,0.9987137534799532
62,2.066667,source_frame_pts,reconstruction_camera0,reconstruction_unit,camera_reconstruction,False,-0.10979238468076256,-0.1575074707121559,1.059802610507221,-0.0019076544319506612,0.050882565820126076,0.008596831248906428,0.9986658199030379
63,2.1,source_frame_pts,reconstruction_camera0,reconstruction_unit,camera_reconstruction,False,-0.10942925165365187,-0.15566556513613897,1.071815739961484,-0.0015058806597557169,0.05208938254307411,0.009229700193133713,0.9985986386852651
64,2.133333,source_frame_pts,reconstruction_camera0,reconstruction_unit,camera_reconstruction,False,-0.10756461367442485,-0.15314255962444198,1.081413372239862,-0.0009560261748801766,0.05322431105113515,0.00967649927272352,0.9985352392824752
65,2.166667,source_frame_pts,reconstruction_camera0,reconstruction_unit,camera_reconstruction,False,-0.10452293679055771,-0.1504922482521408,1.0873743662412443,-0.0006336978831988142,0.05401206623304696,0.010852817826309796,0.9984811022114835
66,2.2,source_frame_pts,reconstruction_camera0,reconstruction_unit,camera_reconstruction,False,-0.10124098237033027,-0.14841609958854612,1.0897238821651922,-8.325022487426541e-05,0.05432959403502656,0.01107699501727587,0.9984616109108935
67,2.233333,source_frame_pts,reconstruction_camera0,reconstruction_unit,camera_reconstruction,False,-0.09873505022890511,-0.14688538823420472,1.0910447427817966,0.0008592223521493551,0.05466653220607314,0.010816705846151516,0.9984457075215206
68,2.266667,source_frame_pts,reconstruction_camera0,reconstruction_unit,camera_reconstruction,False,-0.09782980886758492,-0.14633461207356907,1.0916107565783892,0.0016424801865172593,0.05546840275438661,0.01089911039771027,0.9983996033388899
69,2.3,source_frame_pts,reconstruction_camera0,reconstruction_unit,camera_reconstruction,False,-0.0978710617405974,-0.14632067835014576,1.0914795022080013,0.0024213025480786065,0.055686173209819806,0.011141248874442178,0.9983832230064437
70,2.333333,source_frame_pts,reconstruction_camera0,reconstruction_unit,camera_reconstruction,False,-0.09847159043753413,-0.14705082225962668,1.0901340243333766,0.002823689020394628,0.05578707672134911,0.011758860904306674,0.9983694496735344
71,2.366667,source_frame_pts,reconstruction_camera0,reconstruction_unit,camera_reconstruction,False,-0.09911658199970465,-0.1478016981249161,1.0873574377996968,0.003511623891254739,0.05610090889786849,0.012112981482713022,0.9983454473267653
72,2.4,source_frame_pts,reconstruction_camera0,reconstruction_unit,camera_reconstruction,False,-0.09949699229671913,-0.1490556062100493,1.0834315154698149,0.004275787811161059,0.056502452132222686,0.01242863413583104,0.9983159417715204
73,2.433333,source_frame_pts,reconstruction_camera0,reconstruction_unit,camera_reconstruction,False,-0.0991900128093656,-0.1507921358963722,1.078146480525494,0.005249443412730635,0.05687281171209803,0.012954147746522983,0.9982835853042852
74,2.466667,source_frame_pts,reconstruction_camera0,reconstruction_unit,camera_reconstruction,False,-0.09797424868887357,-0.1535030338174988,1.0724302142535387,0.006285250932259015,0.0570536838060053,0.013620415630222947,0.9982584119670332
75,2.5,source_frame_pts,reconstruction_camera0,reconstruction_unit,camera_reconstruction,False,-0.09619973540930107,-0.15736593482224187,1.0663052399406954,0.0069580822056892295,0.05730582814249123,0.01408161025200149,0.9982331067469327
76,2.533333,source_frame_pts,reconstruction_camera0,reconstruction_unit,camera_reconstruction,False,-0.09451389793072386,-0.16225046971545035,1.0602300885024423,0.007861930217938821,0.0578149993278572,0.014928389483031131,0.9981847319476546
77,2.566667,source_frame_pts,reconstruction_camera0,reconstruction_unit,camera_reconstruction,False,-0.09273709507604552,-0.16859467966807715,1.0531022589627097,0.008728046015924817,0.05764927439176558,0.015195647200199532,0.9981830867536347
78,2.6,source_frame_pts,reconstruction_camera0,reconstruction_unit,camera_reconstruction,False,-0.0908846005716843,-0.17604387853977851,1.0453384642100207,0.00970925374288856,0.05712343706921341,0.015060664349908744,0.9982063011815219
79,2.633333,source_frame_pts,reconstruction_camera0,reconstruction_unit,camera_reconstruction,False,-0.0893311504970456,-0.18502790297020866,1.0363461351683696,0.010711540977476284,0.05700764884861582,0.0151800130540462,0.9982008605818369
80,2.666667,source_frame_pts,reconstruction_camera0,reconstruction_unit,camera_reconstruction,False,-0.08753043850862646,-0.19522172968939364,1.0262386456174066,0.01190127030547812,0.05714747407722093,0.01604013174247676,0.9981659381813193
81,2.7,source_frame_pts,reconstruction_camera0,reconstruction_unit,camera_reconstruction,False,-0.08564359417813504,-0.20691893774031045,1.0131902075522343,0.012935781820332181,0.0576755273501571,0.01629035761899733,0.9981186419169934
82,2.733333,source_frame_pts,reconstruction_camera0,reconstruction_unit,camera_reconstruction,False,-0.08294394345110512,-0.21991359603566824,0.9982791627734527,0.013874659671230995,0.05743512822633358,0.016920076761941367,0.9981094182838884
83,2.766667,source_frame_pts,reconstruction_camera0,reconstruction_unit,camera_reconstruction,False,-0.08058900752241155,-0.23337793462264125,0.9812200535815511,0.01559894155755392,0.05759330360424491,0.017066553584527727,0.9980723506594998
84,2.8,source_frame_pts,reconstruction_camera0,reconstruction_unit,camera_reconstruction,False,-0.07691516318689075,-0.24814806931183997,0.9634063103970628,0.016805584325677234,0.05652672884558987,0.01747453734280787,0.9981066785700538
85,2.833333,source_frame_pts,reconstruction_camera0,reconstruction_unit,camera_reconstruction,False,-0.07363196535818828,-0.2665680931804063,0.9453448294295014,0.014335312138211109,0.05579148779049448,0.018425589222397985,0.9981694777831223
86,2.866667,source_frame_pts,reconstruction_camera0,reconstruction_unit,camera_reconstruction,False,-0.07011194781919312,-0.28254162684570494,0.9269379102838425,0.016162810971787598,0.05424436306014108,0.01870957922334859,0.9982215506905144
87,2.9,source_frame_pts,reconstruction_camera0,reconstruction_unit,camera_reconstruction,False,-0.06652019251055451,-0.30029406816953425,0.9083107873707836,0.01658726049035326,0.05337480291297707,0.019386107948404747,0.9982485522263675
88,2.933333,source_frame_pts,reconstruction_camera0,reconstruction_unit,camera_reconstruction,False,-0.06172991316354162,-0.31791555129713095,0.889112673171291,0.017757282292584116,0.05133508673578329,0.020067622862889687,0.9983219311965674
89,2.966667,source_frame_pts,reconstruction_camera0,reconstruction_unit,camera_reconstruction,False,-0.05602836069236888,-0.3362302019374679,0.8687133816960217,0.019281822939584265,0.04825419533170371,0.02075114536197663,0.9984333397394052
90,3.0,source_frame_pts,reconstruction_camera0,reconstruction_unit,camera_reconstruction,False,-0.04991758098989561,-0.3546707294406858,0.8475244954705143,0.02109811387156702,0.04527987590023973,0.021367534492282916,0.9985229245737137
91,3.033333,source_frame_pts,reconstruction_camera0,reconstruction_unit,camera_reconstruction,False,-0.04543559351955381,-0.37278618352192056,0.8268407686486389,0.02352458114076825,0.04359426354124903,0.022087744329552027,0.9985280495904358
92,3.066667,source_frame_pts,reconstruction_camera0,reconstruction_unit,camera_reconstruction,False,-0.040585352095070255,-0.39304535911501504,0.8059583026662162,0.02439022755590738,0.04211877600023218,0.023039791567736907,0.9985490941924331
93,3.1,source_frame_pts,reconstruction_camera0,reconstruction_unit,camera_reconstruction,False,-0.0356176478965616,-0.4135618305095498,0.7842865319474431,0.025147134376266547,0.041039153487692444,0.024024464295442905,0.9985520690624964
94,3.133333,source_frame_pts,reconstruction_camera0,reconstruction_unit,camera_reconstruction,False,-0.03049090741354869,-0.4349752434623867,0.7623598308176432,0.02486957659134248,0.03938810475931654,0.023793845211074142,0.9986310301075708
95,3.166667,source_frame_pts,reconstruction_camera0,reconstruction_unit,camera_reconstruction,False,-0.028301889126175102,-0.4533030397086778,0.741305263620997,0.026810947321821207,0.04007482962856424,0.023463071318048385,0.998561297777093
96,3.2,source_frame_pts,reconstruction_camera0,reconstruction_unit,camera_reconstruction,False,-0.02576602442387517,-0.4714835218029268,0.7233243397075887,0.02871769503502925,0.04018584003162719,0.023097406226789383,0.9985123444797377
97,3.233333,source_frame_pts,reconstruction_camera0,reconstruction_unit,camera_reconstruction,False,-0.02400912525117674,-0.4891699694191015,0.7063343418330993,0.030379823416343,0.04027216919488693,0.023096896798390696,0.9984596897600898
98,3.266667,source_frame_pts,reconstruction_camera0,reconstruction_unit,camera_reconstruction,False,-0.022504163164524266,-0.5040733735987045,0.6901564089349129,0.033443004548332614,0.04030614157673174,0.023135278358747676,0.998359524065975
99,3.3,source_frame_pts,reconstruction_camera0,reconstruction_unit,camera_reconstruction,False,-0.021442421143281893,-0.521089915421637,0.6762773412202062,0.03460754277617646,0.040454931657220194,0.02277903966642439,0.9983220080913174
100,3.333333,source_frame_pts,reconstruction_camera0,reconstruction_unit,camera_reconstruction,False,-0.018990876210664177,-0.5394521222930461,0.6642099874582872,0.0345438686144052,0.04016021592994927,0.02237512833665331,0.9983452468107057
101,3.366667,source_frame_pts,reconstruction_camera0,reconstruction_unit,camera_reconstruction,False,-0.015940219259254134,-0.5563151361571889,0.654894392933259,0.035599032745046326,0.0401931041589765,0.022009168590522616,0.9983149902428775
102,3.4,source_frame_pts,reconstruction_camera0,reconstruction_unit,camera_reconstruction,False,-0.011500439505577663,-0.5742878210770685,0.6480662225103798,0.03596703557033891,0.039750785026975446,0.02196529520910635,0.9983204762241423
103,3.433333,source_frame_pts,reconstruction_camera0,reconstruction_unit,camera_reconstruction,False,-0.0072895572402947514,-0.5925853966684455,0.6432024620711294,0.03638625983056965,0.03942267641315356,0.021516575740697236,0.9983280671444438
104,3.466667,source_frame_pts,reconstruction_camera0,reconstruction_unit,camera_reconstruction,False,-0.001942572186259428,-0.6106726460256373,0.6391861077685506,0.0367338658185363,0.038710004888201366,0.022129447497030934,0.9983298283518617
105,3.5,source_frame_pts,reconstruction_camera0,reconstruction_unit,camera_reconstruction,False,0.0009938181388860052,-0.628410333147015,0.6353263389158104,0.037138229309232614,0.038511790057602795,0.020971307854101277,0.998347533776301
106,3.533333,source_frame_pts,reconstruction_camera0,reconstruction_unit,camera_reconstruction,False,0.002844881856125483,-0.644316857878808,0.6331132043476047,0.037489906011188893,0.03800908410591601,0.020148299306043074,0.9983706037878798
107,3.566667,source_frame_pts,reconstruction_camera0,reconstruction_unit,camera_reconstruction,False,0.0032782945162012473,-0.6562081108790446,0.6305507983539087,0.038639807006286546,0.03738712276833116,0.01977697033742562,0.9983576712831406
108,3.6,source_frame_pts,reconstruction_camera0,reconstruction_unit,camera_reconstruction,False,0.002174058909085366,-0.6643670278378274,0.6289118228367991,0.03932965784039458,0.03686718117827253,0.01880790194397569,0.9983687954812049
109,3.633333,source_frame_pts,reconstruction_camera0,reconstruction_unit,camera_reconstruction,False,0.0015219938760246722,-0.668272219774493,0.6285256324060806,0.03973542713836994,0.03646430386667675,0.018120799745899408,0.9983802316703888
110,3.666667,source_frame_pts,reconstruction_camera0,reconstruction_unit,camera_reconstruction,False,0.0008616244186375151,-0.6684710485431137,0.6304455279345209,0.03993508582744995,0.03599693352303562,0.016777580910196512,0.9984127014795506
111,3.7,source_frame_pts,reconstruction_camera0,reconstruction_unit,camera_reconstruction,False,-0.0005429558387121757,-0.6654831575128053,0.6337906142252383,0.04008505828274232,0.035814654817567154,0.015503640280095623,0.9984338414441054
112,3.733333,source_frame_pts,reconstruction_camera0,reconstruction_unit,camera_reconstruction,False,-0.0011511931192779656,-0.6601652869850846,0.6393895006274615,0.0400781959791633,0.03538897841026138,0.014862297997938718,0.998459047989628
113,3.766667,source_frame_pts,reconstruction_camera0,reconstruction_unit,camera_reconstruction,False,-0.0014586942939749568,-0.6532847054275129,0.6472698938413436,0.0400978563449048,0.03498899531223466,0.014492284943400255,0.998477794345324
114,3.8,source_frame_pts,reconstruction_camera0,reconstruction_unit,camera_reconstruction,False,-0.0028251461796604343,-0.6461235870571903,0.6560463250534352,0.039733579362317584,0.0347787028120603,0.013390995019014593,0.9985150803839518
115,3.833333,source_frame_pts,reconstruction_camera0,reconstruction_unit,camera_reconstruction,False,-0.003491046162066289,-0.6374606006705671,0.6648883208016692,0.03960521630011535,0.034388612954847624,0.012972766404267656,0.9985392117852375
116,3.866667,source_frame_pts,reconstruction_camera0,reconstruction_unit,camera_reconstruction,False,-0.0037482091663713847,-0.6270560280270348,0.6728544338230439,0.03949391861459148,0.03413512166660991,0.012524654154720375,0.9985580388237704
117,3.9,source_frame_pts,reconstruction_camera0,reconstruction_unit,camera_reconstruction,False,-0.003337542245829592,-0.6148495345023968,0.6795772152002234,0.03901992170476196,0.03398071467756429,0.01159472918919395,0.9985931699121446
118,3.933333,source_frame_pts,reconstruction_camera0,reconstruction_unit,camera_reconstruction,False,-0.0010325667657474558,-0.5997336569667525,0.6856092282256344,0.038325278851095795,0.03362168262958788,0.011073536971580028,0.9986381387855564
119,3.966667,source_frame_pts,reconstruction_camera0,reconstruction_unit,camera_reconstruction,False,-0.00046844603778743385,-0.5827249163099301,0.6900743504968434,0.03749997899088732,0.03349241309954188,0.009910655102249652,0.9986860311208409
120,4.0,source_frame_pts,reconstruction_camera0,reconstruction_unit,camera_reconstruction,False,-0.0011521121493178305,-0.562344112653143,0.6935820845474611,0.03764158926972381,0.03360744144138869,0.008445216375891705,0.9986903068305898
121,4.033333,source_frame_pts,reconstruction_camera0,reconstruction_unit,camera_reconstruction,False,-0.003943587512752959,-0.5411696857496067,0.6965526378454105,0.03680736232197102,0.03333393534510402,0.007881038432547694,0.9987351781461051
122,4.066667,source_frame_pts,reconstruction_camera0,reconstruction_unit,camera_reconstruction,False,-0.008357774455084553,-0.5190915047584417,0.7031187840563834,0.03465157115697111,0.0334047077727217,0.006622254262061444,0.9988190726370122
123,4.1,source_frame_pts,reconstruction_camera0,reconstruction_unit,camera_reconstruction,False,-0.014094268711058478,-0.49294607983643096,0.7107876295481599,0.03455343214250245,0.033566883625988746,0.005729514331518073,0.9988225554703588
124,4.133333,source_frame_pts,reconstruction_camera0,reconstruction_unit,camera_reconstruction,False,-0.020502587270287195,-0.46659854189982075,0.7177410225073163,0.03284192845881829,0.0332478827161771,0.004940045961173563,0.998895180675079
125,4.166667,source_frame_pts,reconstruction_camera0,reconstruction_unit,camera_reconstruction,False,-0.025903814435062858,-0.43855117042873976,0.7256731841620364,0.031190088078303504,0.03358272438472607,0.003438171411317676,0.998943220611619
126,4.2,source_frame_pts,reconstruction_camera0,reconstruction_unit,camera_reconstruction,False,-0.030217879482710677,-0.4080220308645532,0.7334473687332799,0.030188300070692953,0.03368513708861053,0.0021111238364392277,0.9989742345197451
127,4.233333,source_frame_pts,reconstruction_camera0,reconstruction_unit,camera_reconstruction,False,-0.0318519079239813,-0.3776406988477762,0.7404513360130782,0.02899230151264586,0.034250643298431235,0.0009020363681886489,0.9989922553338608
128,4.266667,source_frame_pts,reconstruction_camera0,reconstruction_unit,camera_reconstruction,False,-0.031956893364258124,-0.34655875441962425,0.7476069780904402,0.027892687526612902,0.03485903681435857,-0.0006508487627232827,0.9990027136753964
129,4.3,source_frame_pts,reconstruction_camera0,reconstruction_unit,camera_reconstruction,False,-0.031323563648314755,-0.3163017992300194,0.7575684263117328,0.02695351592618171,0.035474474707692834,-0.0025670840919123175,0.9990037435879284
130,4.333333,source_frame_pts,reconstruction_camera0,reconstruction_unit,camera_reconstruction,False,-0.02920326062453645,-0.2855582316232956,0.7677623353255143,0.02624857047622275,0.036236349039158754,-0.004267516421141564,0.9989893532264807
131,4.366667,source_frame_pts,reconstruction_camera0,reconstruction_unit,camera_reconstruction,False,-0.02837943574361681,-0.25595880028205514,0.7774185808891846,0.02473298239489825,0.03739736516986847,-0.005211107066381382,0.9989807610876937
132,4.4,source_frame_pts,reconstruction_camera0,reconstruction_unit,camera_reconstruction,False,-0.02609075163395181,-0.22608729950168643,0.7850552087131265,0.023253434068579625,0.03686601036232004,-0.00722143052374203,0.999023536271881
133,4.433333,source_frame_pts,reconstruction_camera0,reconstruction_unit,camera_reconstruction,False,-0.025975474961457523,-0.1945873237863004,0.7916389129109999,0.022129395792452117,0.037135387866497796,-0.008673056375061574,0.9990275426148075
134,4.466667,source_frame_pts,reconstruction_camera0,reconstruction_unit,camera_reconstruction,False,-0.025610363251326887,-0.16137673050497617,0.7990005753403798,0.0204730782717609,0.038466562046612654,-0.00937651425101646,0.9990061349415694
135,4.5,source_frame_pts,reconstruction_camera0,reconstruction_unit,camera_reconstruction,False,-0.026081144112449082,-0.12755992035218924,0.8027826023296558,0.019219374217871232,0.03959924698037245,-0.010877359450071008,0.9989715703385433
136,4.533333,source_frame_pts,reconstruction_camera0,reconstruction_unit,camera_reconstruction,False,-0.02840511511685805,-0.09439808048961698,0.8096986888136674,0.017471842992813392,0.041295850174173324,-0.012037702461551374,0.9989216591806757
137,4.566667,source_frame_pts,reconstruction_camera0,reconstruction_unit,camera_reconstruction,False,-0.030094203391706736,-0.06102235559408637,0.8203926031634365,0.015493022068028078,0.04178598179147594,-0.014074891159063753,0.9989073007200331
138,4.6,source_frame_pts,reconstruction_camera0,reconstruction_unit,camera_reconstruction,False,-0.03167510513154351,-0.026336970420923717,0.833607351177462,0.012778348403280185,0.04246907542599988,-0.01583334487436422,0.9988905829141822
139,4.633333,source_frame_pts,reconstruction_camera0,reconstruction_unit,camera_reconstruction,False,-0.03393624436765608,0.008353769324368491,0.8463962284044217,0.00937975680342815,0.04292410243027253,-0.017891384533256918,0.9988740861351582
140,4.666667,source_frame_pts,reconstruction_camera0,reconstruction_unit,camera_reconstruction,False,-0.03628741551530534,0.04339355559783724,0.8600097473715433,0.004655048304869473,0.04393934118763241,-0.019065750395665743,0.9988414098259675
141,4.7,source_frame_pts,reconstruction_camera0,reconstruction_unit,camera_reconstruction,False,-0.037374272839793526,0.0792240255317661,0.8755021923426267,-5.9915133013317345e-05,0.04425396534613355,-0.021263296484870062,0.9987940003744099
142,4.733333,source_frame_pts,reconstruction_camera0,reconstruction_unit,camera_reconstruction,False,-0.03903694680211575,0.11495431344051601,0.8900156561679331,-0.004779165214589211,0.04485773213769854,-0.02324833453082624,0.998711398948093
143,4.766667,source_frame_pts,reconstruction_camera0,reconstruction_unit,camera_reconstruction,False,-0.04181283674431184,0.15066025162552898,0.9010913356427291,-0.009372338939953657,0.045049391318093907,-0.025509019589645788,0.9986150417073834
144,4.8,source_frame_pts,reconstruction_camera0,reconstruction_unit,camera_reconstruction,False,-0.04788733085580722,0.1835529137780845,0.9102616984428845,-0.013783294548221957,0.04597235872342842,-0.027443483980569186,0.9984705394811655
145,4.833333,source_frame_pts,reconstruction_camera0,reconstruction_unit,camera_reconstruction,False,-0.05428062932787302,0.2166649225028716,0.9199037807247427,-0.017165818486170572,0.04691172379354206,-0.030047720961413043,0.9982994336928392
146,4.866667,source_frame_pts,reconstruction_camera0,reconstruction_unit,camera_reconstruction,False,-0.058610194529997536,0.24868051493066398,0.9288028275392363,-0.02037953122843608,0.04778357806743566,-0.03228988981906984,0.9981276308115384
147,4.9,source_frame_pts,reconstruction_camera0,reconstruction_unit,camera_reconstruction,False,-0.06193897057846972,0.28090387061564354,0.9395921724037793,-0.02313349967107425,0.04866165365481529,-0.03459983972424005,0.9979477620334665
148,4.933333,source_frame_pts,reconstruction_camera0,reconstruction_unit,camera_reconstruction,False,-0.062043575780746284,0.31213696042568534,0.946897166040167,-0.025911088615437113,0.049405158261832345,-0.0368274858628126,0.9977632395057009
149,4.966667,source_frame_pts,reconstruction_camera0,reconstruction_unit,camera_reconstruction,False,-0.059774083931174254,0.3424634018195017,0.9520451258854377,-0.028750201967643125,0.050011549369676854,-0.03858538235129739,0.9975888126303686
150,5.0,source_frame_pts,reconstruction_camera0,reconstruction_unit,camera_reconstruction,False,-0.05733929048229416,0.3720997024084649,0.9561593969053623,-0.031668778358800866,0.050643197576449105,-0.040325967459330925,0.9973997049152175
151,5.033333,source_frame_pts,reconstruction_camera0,reconstruction_unit,camera_reconstruction,False,-0.054974346547750776,0.4003921307246476,0.9607162650748371,-0.03487890917571618,0.05112673751965361,-0.04172869135364224,0.9972102259419631
152,5.066667,source_frame_pts,reconstruction_camera0,reconstruction_unit,camera_reconstruction,False,-0.05384235598373482,0.42754470343562195,0.9652893803532568,-0.038248498342231964,0.05185571247161355,-0.043248639835120284,0.9969842489282554
153,5.1,source_frame_pts,reconstruction_camera0,reconstruction_unit,camera_reconstruction,False,-0.05373566192861307,0.4539672984852666,0.9710120936922153,-0.04101892324801377,0.052464496205562,-0.044733628454237284,0.996776718758413
154,5.133333,source_frame_pts,reconstruction_camera0,reconstruction_unit,camera_reconstruction,False,-0.05341476016659458,0.4783804500723551,0.9765751404232754,-0.04383177459491975,0.0532202864425609,-0.04624463849342097,0.9965479466927042
155,5.166667,source_frame_pts,reconstruction_camera0,reconstruction_unit,camera_reconstruction,False,-0.0518545690696331,0.5000276086198386,0.9819575317955259,-0.04651459778373909,0.053632392375835225,-0.04722048633019048,0.996358461775581
156,5.2,source_frame_pts,reconstruction_camera0,reconstruction_unit,camera_reconstruction,False,-0.04927560575684013,0.5188159816297869,0.9862583367839572,-0.04884599244950941,0.05446732553243755,-0.048412349927267055,0.9961443790161574
157,5.233333,source_frame_pts,reconstruction_camera0,reconstruction_unit,camera_reconstruction,False,-0.045064455087846275,0.5332517539068031,0.989180292868478,-0.05167390147074003,0.054718861969332434,-0.04897227533752645,0.9959605264767469
158,5.266667,source_frame_pts,reconstruction_camera0,reconstruction_unit,camera_reconstruction,False,-0.04140364325580302,0.5439676806190354,0.9904091535237322,-0.053113369654665094,0.054881291197037434,-0.04927197821258872,0.9958610776626885
159,5.3,source_frame_pts,reconstruction_camera0,reconstruction_unit,camera_reconstruction,False,-0.03859931413612407,0.5514333234492798,0.9911878344256294,-0.05509563185308744,0.05510826106017781,-0.049407811185679794,0.9957341106477535
160,5.333333,source_frame_pts,reconstruction_camera0,reconstruction_unit,camera_reconstruction,False,-0.037532828539552955,0.5561346624292705,0.9922746174128971,-0.0569259556171278,0.05547688791849802,-0.04946744342623005,0.9956077151794416
161,5.366667,source_frame_pts,reconstruction_camera0,reconstruction_unit,camera_reconstruction,False,-0.03775516032673266,0.5581588071945733,0.9928105061640946,-0.05831930342270345,0.05535386211899685,-0.04884262363471908,0.9955647678143692
162,5.4,source_frame_pts,reconstruction_camera0,reconstruction_unit,camera_reconstruction,False,-0.03926867392334663,0.5577346803921287,0.9936653438501029,-0.05893831210062052,0.05501539928501262,-0.04806186259575082,0.9955850734980249
163,5.433333,source_frame_pts,reconstruction_camera0,reconstruction_unit,camera_reconstruction,False,-0.04087806900137707,0.5543247042402802,0.994963207423291,-0.05965022951819908,0.055017657409507766,-0.047374716209104564,0.995575483705632
164,5.466667,source_frame_pts,reconstruction_camera0,reconstruction_unit,camera_reconstruction,False,-0.041074329688091875,0.5468464493980408,0.9959711480603944,-0.060542303050839276,0.054847795724053176,-0.04652326229622793,0.9955711601441805
165,5.5,source_frame_pts,reconstruction_camera0,reconstruction_unit,camera_reconstruction,False,-0.03935268590668084,0.5356602878784856,0.9968174928321496,-0.06068228725465766,0.05486258503142762,-0.045860798662594494,0.9955925591943933
166,5.533333,source_frame_pts,reconstruction_camera0,reconstruction_unit,camera_reconstruction,False,-0.03484399140151151,0.5193455769557717,0.9962893446090563,-0.06068729026728926,0.05413754076395538,-0.044686397036276214,0.9956853445742592
167,5.566667,source_frame_pts,reconstruction_camera0,reconstruction_unit,camera_reconstruction,False,-0.031033542987951655,0.49745728065641465,0.9959031756965803,-0.0603006443188744,0.0534527965488535,-0.04335892877686276,0.9958045160226772
168,5.6,source_frame_pts,reconstruction_camera0,reconstruction_unit,camera_reconstruction,False,-0.028157518814335123,0.46967912389524785,0.9943842396689506,-0.059256544794049466,0.05233662516808668,-0.04157129352550397,0.9960026943335557
169,5.633333,source_frame_pts,reconstruction_camera0,reconstruction_unit,camera_reconstruction,False,-0.02623342766400041,0.4364447704356046,0.9926830591793374,-0.057431231369355996,0.05112362701425188,-0.040153732248465815,0.9962307494806741
170,5.666667,source_frame_pts,reconstruction_camera0,reconstruction_unit,camera_reconstruction,False,-0.02438035769779083,0.39896252962372,0.9917990736037035,-0.0550548376924944,0.04984941308401071,-0.0387166902835944,0.9964863364619291
171,5.7,source_frame_pts,reconstruction_camera0,reconstruction_unit,camera_reconstruction,False,-0.023489258649846526,0.35725397596820796,0.9867352535358271,-0.05164670563514768,0.04854839601950141,-0.03750002267935122,0.996779523936973
172,5.733333,source_frame_pts,reconstruction_camera0,reconstruction_unit,camera_reconstruction,False,-0.023171357051588196,0.3134970610901554,0.9813048801273865,-0.047278797399951125,0.04706165109479063,-0.035352639703079884,0.9971459808767575
173,5.766667,source_frame_pts,reconstruction_camera0,reconstruction_unit,camera_reconstruction,False,-0.022845419106496026,0.2689885555051539,0.9745075033029182,-0.04249013425502258,0.04522735308716401,-0.03384123482828342,0.9974987949110597
174,5.8,source_frame_pts,reconstruction_camera0,reconstruction_unit,camera_reconstruction,False,-0.023249586603031887,0.2243355823933871,0.9658572148413545,-0.038339890286075276,0.04267276571660816,-0.031614384515883075,0.9978525034145223
175,5.833333,source_frame_pts,reconstruction_camera0,reconstruction_unit,camera_reconstruction,False,-0.023919432245508854,0.17954022446329135,0.9546519686501218,-0.03441665287544845,0.040051903355697555,-0.029271961190924796,0.9981755814136477
176,5.866667,source_frame_pts,reconstruction_camera0,reconstruction_unit,camera_reconstruction,False,-0.024388055548034127,0.13471040604894216,0.9421974888917637,-0.03126551661463296,0.03720233865570785,-0.025853858677605597,0.9984838663998756
177,5.9,source_frame_pts,reconstruction_camera0,reconstruction_unit,camera_reconstruction,False,-0.026788713015835675,0.09317587977355914,0.9306750422491821,-0.027916795795028395,0.03423687451585509,-0.02351490395281689,0.9987469840895711
178,5.933333,source_frame_pts,reconstruction_camera0,reconstruction_unit,camera_reconstruction,False,-0.028552342060352887,0.05287263815882674,0.9173274678162464,-0.024528177019443285,0.030594677576727795,-0.021783738746021727,0.9989933948542022
179,5.966667,source_frame_pts,reconstruction_camera0,reconstruction_unit,camera_reconstruction,False,-0.03135283334265664,0.013883018931682516,0.9056125255056963,-0.02092952191166261,0.02690848359221449,-0.019490807005955034,0.9992287010817761
180,6.0,source_frame_pts,reconstruction_camera0,reconstruction_unit,camera_reconstruction,False,-0.0332400024789968,-0.022725469124812197,0.8934493889412788,-0.01752751822740221,0.022410125443508927,-0.01744126742330499,0.9994430321799552
181,6.033333,source_frame_pts,reconstruction_camera0,reconstruction_unit,camera_reconstruction,False,-0.03409165803473469,-0.0549899341709931,0.8803052704130687,-0.013435952185372618,0.017356234927037865,-0.016359586879161826,0.9996252298812656
182,6.066667,source_frame_pts,reconstruction_camera0,reconstruction_unit,camera_reconstruction,False,-0.03723246466346067,-0.08515835481579942,0.8676626533180837,-0.00945570307385369,0.012272229337220733,-0.014865255338371769,0.99976947655457
183,6.1,source_frame_pts,reconstruction_camera0,reconstruction_unit,camera_reconstruction,False,-0.0431890279374223,-0.11238547404216899,0.854757860858101,-0.005155480408150707,0.006903676013072571,-0.013510528053736048,0.9998716047128137
184,6.133333,source_frame_pts,reconstruction_camera0,reconstruction_unit,camera_reconstruction,False,-0.05128405061892912,-0.13671198354000058,0.8411685340253033,-0.001177225338727374,0.0011461276923503216,-0.013421549806672102,0.9999085770872264
185,6.166667,source_frame_pts,reconstruction_camera0,reconstruction_unit,camera_reconstruction,False,-0.06245861695164135,-0.1583194513523907,0.8270626440837473,0.0028572050072549404,-0.004722704526558804,-0.012852990502282962,0.9999021617521635
186,6.2,source_frame_pts,reconstruction_camera0,reconstruction_unit,camera_reconstruction,False,-0.07714466639955182,-0.17839558516022944,0.8137249544627373,0.006026203702491871,-0.011379032065971469,-0.0119191598734162,0.9998460562137002
187,6.233333,source_frame_pts,reconstruction_camera0,reconstruction_unit,camera_reconstruction,False,-0.09531171230928476,-0.19445959618008254,0.8007080228631683,0.009366325900467518,-0.018882011598696555,-0.011986510455967485,0.9997059893509702
188,6.266667,source_frame_pts,reconstruction_camera0,reconstruction_unit,camera_reconstruction,False,-0.11592322662373289,-0.2074070132040733,0.7852886415626221,0.012358907675805152,-0.02700459884360924,-0.012518869065528153,0.999480508544152
189,6.3,source_frame_pts,reconstruction_camera0,reconstruction_unit,camera_reconstruction,False,-0.1397003936678001,-0.2167300571040118,0.7690600445608146,0.015109183491666088,-0.03585331999352576,-0.013091999729564478,0.9991570705163119
190,6.333333,source_frame_pts,reconstruction_camera0,reconstruction_unit,camera_reconstruction,False,-0.16728459713215355,-0.22204745401463974,0.7523087148519796,0.017674783687643126,-0.04614982796673307,-0.013911232046929765,0.9986812669832014
191,6.366667,source_frame_pts,reconstruction_camera0,reconstruction_unit,camera_reconstruction,False,-0.19795558187703854,-0.22358104965024725,0.7392506919544232,0.019699134341567247,-0.0585263486012099,-0.014964741721215705,0.9979792919348677
192,6.4,source_frame_pts,reconstruction_camera0,reconstruction_unit,camera_reconstruction,False,-0.23998175865151014,-0.2170593871543857,0.8041929093017834,0.019478589287792978,-0.071560461957283,-0.01743670452772895,0.9970935995076041
193,6.433333,source_frame_pts,reconstruction_camera0,reconstruction_unit,camera_reconstruction,False,-0.2888541756685478,-0.23346244870285354,0.8188070420335818,0.017706766698840345,-0.0852594778348971,-0.020050847901670263,0.9959996261800591
194,6.466667,source_frame_pts,reconstruction_camera0,reconstruction_unit,camera_reconstruction,False,-0.33398759923585625,-0.23079296440311858,0.8057335975826102,0.01802410462684727,-0.09886394729237168,-0.02195072572560776,0.9946955399609927
195,6.5,source_frame_pts,reconstruction_camera0,reconstruction_unit,camera_reconstruction,False,-0.3801180580793072,-0.22059031007378674,0.7912710578240568,0.01901691865302173,-0.11316686877465873,-0.024274061318609607,0.993097370132347
196,6.533333,source_frame_pts,reconstruction_camera0,reconstruction_unit,camera_reconstruction,False,-0.42421823914221574,-0.20609580636499275,0.7741380687673266,0.019531153894531465,-0.1283644584161458,-0.026352080424743053,0.9911844771284334
197,6.566667,source_frame_pts,reconstruction_camera0,reconstruction_unit,camera_reconstruction,False,-0.46551571727844737,-0.1891344834109382,0.7530532275675369,0.019692945539073248,-0.14404290365826325,-0.027689044885717176,0.988987940571071
198,6.6,source_frame_pts,reconstruction_camera0,reconstruction_unit,camera_reconstruction,False,-0.5051300992270121,-0.17295129555752758,0.7143121074815848,0.019594062493055203,-0.15973639699314837,-0.030225632468002944,0.9865022895729005
199,6.633333,source_frame_pts,reconstruction_camera0,reconstruction_unit,camera_reconstruction,False,-0.5543802480574672,-0.1522308156972383,0.6836025409810248,0.019381174218451893,-0.17394244454352512,-0.03253770830515781,0.9840272829603787
200,6.666667,source_frame_pts,reconstruction_camera0,reconstruction_unit,camera_reconstruction,False,-0.5879026905006729,-0.13479934293148013,0.6444393452761038,0.018657040957792397,-0.18842104049331518,-0.033975682512701576,0.9813231268649036
201,6.7,source_frame_pts,reconstruction_camera0,reconstruction_unit,camera_reconstruction,False,-0.6233226152259765,-0.11994977294088009,0.6045730842804775,0.017738919269406735,-0.20237236202833564,-0.036126104989385684,0.978481304046491
202,6.733333,source_frame_pts,reconstruction_camera0,reconstruction_unit,camera_reconstruction,False,-0.6544469131530325,-0.10638550655049177,0.5632863438159419,0.016641613231736956,-0.21580003768972605,-0.038005902422468055,0.9755557143614157
203,6.766667,source_frame_pts,reconstruction_camera0,reconstruction_unit,camera_reconstruction,False,-0.6764791262356787,-0.09438930642436498,0.5258198034045977,0.015219640661448566,-0.22957981645766248,-0.0393859968324816,0.9723734949426143
204,6.8,source_frame_pts,reconstruction_camera0,reconstruction_unit,camera_reconstruction,False,-0.6982070456008259,-0.08368974414008883,0.502230294721613,0.013550118548241851,-0.2429247637429017,-0.040322048200685995,0.9691120089425606
205,6.833333,source_frame_pts,reconstruction_camera0,reconstruction_unit,camera_reconstruction,False,-0.7194674790410587,-0.07481890053942092,0.47481036652603353,0.012010783618767671,-0.25589575534383724,-0.04199698472654183,0.9657170169090677
206,6.866667,source_frame_pts,reconstruction_camera0,reconstruction_unit,camera_reconstruction,False,-0.7420963157861848,-0.06421066477625423,0.45414231792530324,0.010268978011172483,-0.26824536793795656,-0.04298374564327889,0.962336411179017
207,6.9,source_frame_pts,reconstruction_camera0,reconstruction_unit,camera_reconstruction,False,-0.7610916796309373,-0.05586419882093818,0.43152426388317455,0.008535583066199604,-0.2801894745007391,-0.04419172209414149,0.9588889893512563
208,6.933333,source_frame_pts,reconstruction_camera0,reconstruction_unit,camera_reconstruction,False,-0.78254214461295,-0.04860539089758001,0.4075812482697066,0.006717925938285922,-0.2910455837559695,-0.04549090610899043,0.9556034298330128
209,6.966667,source_frame_pts,reconstruction_camera0,reconstruction_unit,camera_reconstruction,False,-0.8011499411476054,-0.043308877269900785,0.3824776517984177,0.004833030620726455,-0.3012531714032764,-0.04681690378715817,0.952381932868464
210,7.0,source_frame_pts,reconstruction_camera0,reconstruction_unit,camera_reconstruction,False,-0.8169879793666589,-0.03895467898824771,0.36256297230117734,0.0028500830446563504,-0.3108035691557875,-0.047567967234947384,0.9492788351795257
211,7.033333,source_frame_pts,reconstruction_camera0,reconstruction_unit,camera_reconstruction,False,-0.8322245266627639,-0.03475800916466491,0.34596845744575977,0.0010386920603933899,-0.3196910903082439,-0.04848542604918334,0.9462799223047899
212,7.066667,source_frame_pts,reconstruction_camera0,reconstruction_unit,camera_reconstruction,False,-0.8437518510036851,-0.031274482139213286,0.3306780561531659,-0.0006683948539298473,-0.32729522640231723,-0.049257420738261934,0.9436371625390709
213,7.1,source_frame_pts,reconstruction_camera0,reconstruction_unit,camera_reconstruction,False,-0.8518638236497876,-0.028401614819870857,0.316071457100417,-0.0023908966730361737,-0.33348169410394407,-0.04967793321491795,0.9414437562925131
214,7.133333,source_frame_pts,reconstruction_camera0,reconstruction_unit,camera_reconstruction,False,-0.8590671185744633,-0.025162321392207265,0.30795049921574325,-0.004059697794089319,-0.33846700321669393,-0.05002733479590428,0.9396386924560683
215,7.166667,source_frame_pts,reconstruction_camera0,reconstruction_unit,camera_reconstruction,False,-0.8644080270736324,-0.021487877563752478,0.3015850561576377,-0.005555626057654477,-0.34238280513882036,-0.05027240036224634,0.9381981856336102
216,7.2,source_frame_pts,reconstruction_camera0,reconstruction_unit,camera_reconstruction,False,-0.867339979103579,-0.018370413847549574,0.2987967761792759,-0.006959158959264488,-0.34445077552398845,-0.0503114624859614,0.9374294587274428
217,7.233333,source_frame_pts,reconstruction_camera0,reconstruction_unit,camera_reconstruction,False,-0.8684495116864981,-0.015503282640190158,0.29954206489736707,-0.008276290808894202,-0.34522697774779065,-0.05025044972023777,0.9371364517232732
218,7.266667,source_frame_pts,reconstruction_camera0,reconstruction_unit,camera_reconstruction,False,-0.8675867764022461,-0.013517601059647649,0.30173481591981305,-0.009465722909582912,-0.34459269365451956,-0.05017858127419205,0.9373624622050059
219,7.3,source_frame_pts,reconstruction_camera0,reconstruction_unit,camera_reconstruction,False,-0.864757523996157,-0.012117764123046439,0.307675435411187,-0.010623665158824735,-0.3427299254286096,-0.04994796065418576,0.9380450613807318
220,7.333333,source_frame_pts,reconstruction_camera0,reconstruction_unit,camera_reconstruction,False,-0.8582909424984004,-0.01229934832405953,0.31501700278088685,-0.011703565607847492,-0.33937432297782594,-0.049639703817534506,0.939267797414727
221,7.366667,source_frame_pts,reconstruction_camera0,reconstruction_unit,camera_reconstruction,False,-0.8490980490644269,-0.013183636995409115,0.32618131710284154,-0.012625535633613572,-0.3349277645207579,-0.049335457342274694,0.9408666223497997
222,7.4,source_frame_pts,reconstruction_camera0,reconstruction_unit,camera_reconstruction,False,-0.8322011454437607,-0.016982254228966095,0.34150252489827054,-0.013714162051967703,-0.3281939605014733,-0.048576571914120514,0.9432608137257913
223,7.433333,source_frame_pts,reconstruction_camera0,reconstruction_unit,camera_reconstruction,False,-0.8136479666223964,-0.02048321327107542,0.36121734867255556,-0.014639793883734348,-0.3191084352469575,-0.04756050755121841,0.9464108416067255
224,7.466667,source_frame_pts,reconstruction_camera0,reconstruction_unit,camera_reconstruction,False,-0.791420989890402,-0.02638385644172033,0.3782678545363857,-0.015360869607631337,-0.30763845921074773,-0.04672025549263988,0.9502314664470111
225,7.5,source_frame_pts,reconstruction_camera0,reconstruction_unit,camera_reconstruction,False,-0.7706296356785811,-0.029609280585389027,0.4005846577497833,-0.015773683743519295,-0.29405405105059873,-0.04551739596875271,0.9545740267921158
226,7.533333,source_frame_pts,reconstruction_camera0,reconstruction_unit,camera_reconstruction,False,-0.7409177792168007,-0.04025752886972435,0.4161477838766141,-0.016378479290934927,-0.28153419097678384,-0.04485701514216275,0.9583621929728344
227,7.566667,source_frame_pts,reconstruction_camera0,reconstruction_unit,camera_reconstruction,False,-0.7116192604239173,-0.0486244525392791,0.43431861074564476,-0.016849670894079117,-0.2694891952704705,-0.04390085207359762,0.9618546550339337
228,7.6,source_frame_pts,reconstruction_camera0,reconstruction_unit,camera_reconstruction,False,-0.6793543555051671,-0.056639001076613245,0.45566656189109245,-0.01752004411548347,-0.2583022470642659,-0.04244249791428057,0.9649723475761048
229,7.633333,source_frame_pts,reconstruction_camera0,reconstruction_unit,camera_reconstruction,False,-0.6475979082093163,-0.06300615039230922,0.47375733239640005,-0.018010264770735817,-0.2473064999219385,-0.04095479666262585,0.9679038330792844
230,7.666667,source_frame_pts,reconstruction_camera0,reconstruction_unit,camera_reconstruction,False,-0.6158945878093586,-0.06896208384516207,0.4930439580454895,-0.01852141301072238,-0.23614407080323863,-0.03946857624241319,0.9707394947018269
231,7.7,source_frame_pts,reconstruction_camera0,reconstruction_unit,camera_reconstruction,False,-0.5844171903170883,-0.07378750494904572,0.5156021022435735,-0.01917174203271586,-0.22493043632381549,-0.03795793892517918,0.9734464227656093
232,7.733333,source_frame_pts,reconstruction_camera0,reconstruction_unit,camera_reconstruction,False,-0.5535233425775746,-0.07691743216714396,0.5358589040268523,-0.01966670618024812,-0.21345205282396063,-0.03659368919660425,0.976069845720192
233,7.766667,source_frame_pts,reconstruction_camera0,reconstruction_unit,camera_reconstruction,False,-0.5128911550504544,-0.08223454812744194,0.5582551196759075,-0.020577564392715228,-0.20137832841303085,-0.034449490354913244,0.9786912512654459
234,7.8,source_frame_pts,reconstruction_camera0,reconstruction_unit,camera_reconstruction,False,-0.4882816030272641,-0.08588741822561097,0.5721576233983737,-0.02121552549203561,-0.19162958010085795,-0.03349146803014787,0.9806662669214493
235,7.833333,source_frame_pts,reconstruction_camera0,reconstruction_unit,camera_reconstruction,False,-0.4568129805673859,-0.08802438235484521,0.5886977073165565,-0.022044055946590792,-0.18066331630511998,-0.03225232167878768,0.9827688504859053
236,7.866667,source_frame_pts,reconstruction_camera0,reconstruction_unit,camera_reconstruction,False,-0.42295814198776366,-0.08986061979577338,0.6100711092790728,-0.023085052728778095,-0.1700288255118554,-0.030653234805886713,0.9846916563226805
237,7.9,source_frame_pts,reconstruction_camera0,reconstruction_unit,camera_reconstruction,False,-0.39240322583282816,-0.08981782046990705,0.6314161313194794,-0.02416186386435003,-0.1597376677752317,-0.029274378962770405,0.9864294665938739
238,7.933333,source_frame_pts,reconstruction_camera0,reconstruction_unit,camera_reconstruction,False,-0.36877493054593025,-0.09007951266848883,0.64672029859683,-0.025333819519638867,-0.14923709832346285,-0.02828336808950551,0.9880721315582446
239,7.966667,source_frame_pts,reconstruction_camera0,reconstruction_unit,camera_reconstruction,False,-0.34539764711783916,-0.09003564400626514,0.6611150218636963,-0.026624683381955058,-0.13896723645959747,-0.02710381659374242,0.9895678938565285
240,8.0,source_frame_pts,reconstruction_camera0,reconstruction_unit,camera_reconstruction,False,-0.32498108086213334,-0.08901510461297593,0.6746811269934743,-0.028078189841430883,-0.12879926375864476,-0.026194898509082003,0.9909269358547877
241,8.033333,source_frame_pts,reconstruction_camera0,reconstruction_unit,camera_reconstruction,False,-0.30778000452384763,-0.08859086686240948,0.6854886602595871,-0.02955403774676054,-0.11843688420794636,-0.025502185027949164,0.9921939839924333
242,8.066667,source_frame_pts,reconstruction_camera0,reconstruction_unit,camera_reconstruction,False,-0.2917924830291428,-0.08926685886668051,0.6941968898906532,-0.03126165003356667,-0.10800297428997131,-0.024936695762814137,0.9933459759752045
243,8.1,source_frame_pts,reconstruction_camera0,reconstruction_unit,camera_reconstruction,False,-0.276356208870161,-0.0883119090575566,0.7019388717011936,-0.032819210689212765,-0.09760694203130386,-0.02450873465329051,0.9943817708519849
244,8.133333,source_frame_pts,reconstruction_camera0,reconstruction_unit,camera_reconstruction,False,-0.26292406839436455,-0.08715190900825366,0.7096254747855881,-0.034601919265939605,-0.08680902740381263,-0.024010456690422077,0.995334314647011
245,8.166667,source_frame_pts,reconstruction_camera0,reconstruction_unit,camera_reconstruction,False,-0.2533639689051251,-0.08501134676888339,0.7171737271546454,-0.03636166079317549,-0.07577824820471768,-0.02395623461887546,0.9961734716133891
246,8.2,source_frame_pts,reconstruction_camera0,reconstruction_unit,camera_reconstruction,False,-0.24707009142941705,-0.08141461955885672,0.720564718904911,-0.03807608831474353,-0.06447742823971053,-0.02408688021098311,0.9969015472693091
247,8.233333,source_frame_pts,reconstruction_camera0,reconstruction_unit,camera_reconstruction,False,-0.2440847142945933,-0.07735018523736682,0.7256668781689635,-0.039855833036476454,-0.05277494204225934,-0.02441299056314784,0.9975120670734607
248,8.266667,source_frame_pts,reconstruction_camera0,reconstruction_unit,camera_reconstruction,False,-0.24369839528688417,-0.07211065033087026,0.7287098871693405,-0.04168190791153693,-0.04047955267847903,-0.02510324151716158,0.9979949156349123
249,8.3,source_frame_pts,reconstruction_camera0,reconstruction_unit,camera_reconstruction,False,-0.2439734001053027,-0.06734050216970458,0.7291872161784839,-0.04385834691966941,-0.027085648069726027,-0.025156281353933996,0.9983536320275289
250,8.333333,source_frame_pts,reconstruction_camera0,reconstruction_unit,camera_reconstruction,False,-0.23969589413776732,-0.06534942645849412,0.7273691459751954,-0.04706356653652658,-0.014058378434126653,-0.02435193250629037,0.9984960521123126
251,8.366667,source_frame_pts,reconstruction_camera0,reconstruction_unit,camera_reconstruction,False,-0.23451259949420075,-0.06104861662816209,0.7202851650520442,-0.04934894694981384,0.00450506149597645,-0.027792990603129196,0.9983846631079607
252,8.4,source_frame_pts,reconstruction_camera0,reconstruction_unit,camera_reconstruction,False,-0.22885584731267647,-0.06007242832369205,0.7160322958814883,-0.052266101875367184,0.025879462793283913,-0.03037165675838509,0.9978356931208843
253,8.433333,source_frame_pts,reconstruction_camera0,reconstruction_unit,camera_reconstruction,False,-0.2226988161079567,-0.06236065155995997,0.7085277007467918,-0.05508156439798435,0.047515128313843406,-0.031074728880576045,0.9968664379292687
254,8.466667,source_frame_pts,reconstruction_camera0,reconstruction_unit,camera_reconstruction,False,-0.21712104557376619,-0.06554861440537484,0.6989344390014653,-0.05700187710974106,0.06767449310089178,-0.03170726639204109,0.9955729999590425
255,8.5,source_frame_pts,reconstruction_camera0,reconstruction_unit,camera_reconstruction,False,-0.21224517191234038,-0.06916547917900111,0.6914147571870344,-0.05824681363136939,0.08481547624901041,-0.03237650377647614,0.9941656832206883
256,8.533333,source_frame_pts,reconstruction_camera0,reconstruction_unit,camera_reconstruction,False,-0.2191433339708933,-0.07139066620230966,0.6893183479340564,-0.05806274913305842,0.1051612400165721,-0.03151018095798766,0.9922585042504213
257,8.566667,source_frame_pts,reconstruction_camera0,reconstruction_unit,camera_reconstruction,False,-0.22068911641685598,-0.07327516039143162,0.6867294573871244,-0.057143833074354125,0.11953058271334042,-0.03137799557394136,0.9906878638257064
258,8.6,source_frame_pts,reconstruction_camera0,reconstruction_unit,camera_reconstruction,False,-0.2214347525078633,-0.0757937385400179,0.6845439307623217,-0.0566470092874436,0.13013151252527858,-0.03128487386051718,0.9893827178873721
259,8.633333,source_frame_pts,reconstruction_camera0,reconstruction_unit,camera_reconstruction,False,-0.22415803206422047,-0.07861757468022527,0.6818693443348912,-0.0561784493446028,0.1394593712146417,-0.030807756091686244,0.9881527957630074
260,8.666667,source_frame_pts,reconstruction_camera0,reconstruction_unit,camera_reconstruction,False,-0.22713827773194262,-0.08096103363122219,0.6800641935575098,-0.05592622852212867,0.14721829384091628,-0.030321263199483785,0.9870560530789768
261,8.7,source_frame_pts,reconstruction_camera0,reconstruction_unit,camera_reconstruction,False,-0.23055578582027136,-0.0822793929359539,0.6781068361268591,-0.0549641211717962,0.15361398674705604,-0.03005708732496269,0.9861431234668865
262,8.733333,source_frame_pts,reconstruction_camera0,reconstruction_unit,camera_reconstruction,False,-0.23350549723270772,-0.0836073107131446,0.6767336428676969,-0.05359566268529891,0.1583328127636097,-0.0296528721602014,0.9854841107376304
263,8.766667,source_frame_pts,reconstruction_camera0,reconstruction_unit,camera_reconstruction,False,-0.23647403738818348,-0.08385047420712348,0.6768187870388302,-0.05165899701939272,0.16173678441740233,-0.0294311629329389,0.9850413023024384
264,8.8,source_frame_pts,reconstruction_camera0,reconstruction_unit,camera_reconstruction,False,-0.23824523883658305,-0.0848165383533965,0.6799008547109853,-0.04962906736750365,0.16312056300319153,-0.029490295099369814,0.9849157121767861
265,8.833333,source_frame_pts,reconstruction_camera0,reconstruction_unit,camera_reconstruction,False,-0.2388856272130938,-0.08451477712404322,0.6830412174942508,-0.047065865043785106,0.16307246832229388,-0.028946687649109886,0.9850656139045254
266,8.866667,source_frame_pts,reconstruction_camera0,reconstruction_unit,camera_reconstruction,False,-0.23474932858467437,-0.08505735942367103,0.6863204644500994,-0.045528765707578425,0.1624293496915503,-0.028650035394041522,0.9852527662096894
267,8.9,source_frame_pts,reconstruction_camera0,reconstruction_unit,camera_reconstruction,False,-0.2252215955595014,-0.08562350892727623,0.6892518767978599,-0.04429743599819186,0.161017654429044,-0.02818132028518689,0.9855540905060152
268,8.933333,source_frame_pts,reconstruction_camera0,reconstruction_unit,camera_reconstruction,False,-0.21008875059094914,-0.08732308369863105,0.6915059880495703,-0.043103824960143595,0.158864490477611,-0.027623097650595205,0.9859721590467351
269,8.966667,source_frame_pts,reconstruction_camera0,reconstruction_unit,camera_reconstruction,False,-0.19073486036101303,-0.09104374253333772,0.6932344253903217,-0.042422635253462064,0.15630608887909092,-0.026590404352854723,0.9864388865985693
270,9.0,source_frame_pts,reconstruction_camera0,reconstruction_unit,camera_reconstruction,False,-0.16780133350678486,-0.09512444556174078,0.6953748814068527,-0.0415723399575138,0.15325732632835104,-0.02569457347730325,0.9869770622314187
271,9.033333,source_frame_pts,reconstruction_camera0,reconstruction_unit,camera_reconstruction,False,-0.1399984844371255,-0.10124078144683096,0.6989505312294912,-0.041879529925013724,0.14808435077687424,-0.024503144697926336,0.9877837445150452
272,9.066667,source_frame_pts,reconstruction_camera0,reconstruction_unit,camera_reconstruction,False,-0.11100110506250233,-0.10647406762999757,0.7038207863009361,-0.04193707081959464,0.14251056566732595,-0.023593539947272164,0.9886229643483948
273,9.1,source_frame_pts,reconstruction_camera0,reconstruction_unit,camera_reconstruction,False,-0.07866237640645443,-0.11137175243712485,0.7093441794110289,-0.04246671884563373,0.135285579943258,-0.02238366975280962,0.989643047254059
274,9.133333,source_frame_pts,reconstruction_camera0,reconstruction_unit,camera_reconstruction,False,-0.04666637682178719,-0.11614447288694532,0.7146675567964137,-0.04282707001921412,0.12715855919412528,-0.02120436527914998,0.9907304970527313
275,9.166667,source_frame_pts,reconstruction_camera0,reconstruction_unit,camera_reconstruction,False,-0.015647052729593363,-0.12199228144786867,0.722450507861774,-0.04360846915483882,0.11411744374413092,-0.020919883930661395,0.9922892062839362
276,9.2,source_frame_pts,reconstruction_camera0,reconstruction_unit,camera_reconstruction,False,0.015153161492703274,-0.12671874999552415,0.7288838011858182,-0.04408504959966552,0.09888307732566168,-0.01973018878735436,0.9939262372383665
277,9.233333,source_frame_pts,reconstruction_camera0,reconstruction_unit,camera_reconstruction,False,0.048879829660672565,-0.13113629626033363,0.7356674107911181,-0.04506478643104744,0.07969994506706171,-0.01858557581631417,0.9956262652982832
278,9.266667,source_frame_pts,reconstruction_camera0,reconstruction_unit,camera_reconstruction,False,0.08517295021469454,-0.1347100830564058,0.7409343680422612,-0.04607488110974855,0.05826515814682468,-0.017679296739705187,0.9970805981181449
279,9.3,source_frame_pts,reconstruction_camera0,reconstruction_unit,camera_reconstruction,False,0.12163373392719123,-0.13820991538070923,0.7453513678449664,-0.04736093951175717,0.03790469840174668,-0.016689390825181536,0.9980188572775169
280,9.333333,source_frame_pts,reconstruction_camera0,reconstruction_unit,camera_reconstruction,False,0.16027253737225244,-0.14079131621333996,0.7483738649001727,-0.04805188276762059,0.017513002014068784,-0.0159779476263872,0.9985634764563496
281,9.366667,source_frame_pts,reconstruction_camera0,reconstruction_unit,camera_reconstruction,False,0.19761834852798318,-0.14362362916319965,0.7488356720774778,-0.04845851329418013,-0.0009073211572498621,-0.01593670445861414,0.99869763727999
282,9.4,source_frame_pts,reconstruction_camera0,reconstruction_unit,camera_reconstruction,False,0.23336480111038466,-0.1458984320360776,0.7475410347462067,-0.0484343367450182,-0.018806988033694138,-0.015904182151159043,0.9985226433162512
283,9.433333,source_frame_pts,reconstruction_camera0,reconstruction_unit,camera_reconstruction,False,0.26684618363383494,-0.14782640737982528,0.7461240451235271,-0.04808402518960479,-0.03616990297582832,-0.01578730428939009,0.9980633375009618
284,9.466667,source_frame_pts,reconstruction_camera0,reconstruction_unit,camera_reconstruction,False,0.30101034701685664,-0.1501006292016239,0.744007451930559,-0.04764634775637169,-0.0532650168386204,-0.015977747387992087,0.9973150831683365
285,9.5,source_frame_pts,reconstruction_camera0,reconstruction_unit,camera_reconstruction,False,0.33570026483897475,-0.1513960223602006,0.7397251110574411,-0.046784675294419875,-0.07033201482336644,-0.016217294553067294,0.9962939331371343
286,9.533333,source_frame_pts,reconstruction_camera0,reconstruction_unit,camera_reconstruction,False,0.3681039282643958,-0.15183533817124226,0.7344484597753225,-0.04569307070780142,-0.08669404458671404,-0.01640559865273962,0.9950513264426785
287,9.566667,source_frame_pts,reconstruction_camera0,reconstruction_unit,camera_reconstruction,False,0.3995253447415547,-0.15112102581369966,0.7300219143644693,-0.044550219963084094,-0.10289627454744173,-0.016945388941411055,0.9935494393230377
288,9.6,source_frame_pts,reconstruction_camera0,reconstruction_unit,camera_reconstruction,False,0.42835557161599813,-0.14910421256287376,0.7252301683969412,-0.04315333402928159,-0.11894104630067226,-0.017155418866186035,0.9918147553200569
289,9.633333,source_frame_pts,reconstruction_camera0,reconstruction_unit,camera_reconstruction,False,0.4527835174156305,-0.14718306614006058,0.7197686606670191,-0.041762234832715635,-0.13541920022464088,-0.01758841374372773,0.989751586840999
290,9.666667,source_frame_pts,reconstruction_camera0,reconstruction_unit,camera_reconstruction,False,0.47784331551701886,-0.1451890549804467,0.7131506861714556,-0.03972678450310279,-0.1509685053341451,-0.017756773944745462,0.9875803713973326
291,9.7,source_frame_pts,reconstruction_camera0,reconstruction_unit,camera_reconstruction,False,0.5037354454821016,-0.14342529806290333,0.7057376794761832,-0.03750719160015089,-0.16657793655409553,-0.01818672633585538,0.9851468137373404
292,9.733333,source_frame_pts,reconstruction_camera0,reconstruction_unit,camera_reconstruction,False,0.527078536968215,-0.141407472636814,0.6982108916443239,-0.03504010828781803,-0.18132265349597534,-0.018581401956355215,0.982623538106885
293,9.766667,source_frame_pts,reconstruction_camera0,reconstruction_unit,camera_reconstruction,False,0.5493841575562906,-0.13995738474620242,0.690220243755417,-0.03258553648383037,-0.19529090295713641,-0.018986607700612612,0.980019976715919
294,9.8,source_frame_pts,reconstruction_camera0,reconstruction_unit,camera_reconstruction,False,0.569559163738429,-0.1379977975225227,0.6821775687817258,-0.029863636352097142,-0.20836677193683006,-0.018949629301511898,0.9774110512603129
295,9.833333,source_frame_pts,reconstruction_camera0,reconstruction_unit,camera_reconstruction,False,0.5871851753335284,-0.13440501847309075,0.6758482506635114,-0.027039067593527803,-0.2225584434203532,-0.019486449199455486,0.9743494785668946
296,9.866667,source_frame_pts,reconstruction_camera0,reconstruction_unit,camera_reconstruction,False,0.599752346707321,-0.1309626266450714,0.6702317138577158,-0.024337628439401512,-0.2334492707863894,-0.019798789754281138,0.971862709303899
297,9.9,source_frame_pts,reconstruction_camera0,reconstruction_unit,camera_reconstruction,False,0.6100630370190595,-0.12668328278186597,0.6689792692334929,-0.021921135213135087,-0.2437876925563406,-0.019404593747268394,0.9693866548135095
298,9.933333,source_frame_pts,reconstruction_camera0,reconstruction_unit,camera_reconstruction,False,0.6184209882528883,-0.1218229990555694,0.669852995563152,-0.020190944740406877,-0.25254671677297186,-0.018859861484261397,0.9671901504991026
299,9.966667,source_frame_pts,reconstruction_camera0,reconstruction_unit,camera_reconstruction,False,0.6231442362799904,-0.11665962509722208,0.6712565184648757,-0.01857249474027608,-0.2597023266189856,-0.018121432236999586,0.9653400321552442
300,10.0,source_frame_pts,reconstruction_camera0,reconstruction_unit,camera_reconstruction,False,0.6247245140245212,-0.11217619302640913,0.6749443360936116,-0.017688488471579975,-0.2651927098813268,-0.0168979304828729,0.9638850574351618
301,10.033333,source_frame_pts,reconstruction_camera0,reconstruction_unit,camera_reconstruction,False,0.624664836114815,-0.10770037548969885,0.6793541929125354,-0.01714263812546147,-0.2690814598323632,-0.015475408792784284,0.962840490245025
302,10.066667,source_frame_pts,reconstruction_camera0,reconstruction_unit,camera_reconstruction,False,0.6231626057059527,-0.10465912801567258,0.6833559294876672,-0.017399117993533213,-0.2712249532656864,-0.013722698139295159,0.9622608705412744
303,10.1,source_frame_pts,reconstruction_camera0,reconstruction_unit,camera_reconstruction,False,0.6203495228966913,-0.10280920177647954,0.6859467989425992,-0.017710451420208412,-0.27208677338819953,-0.011923772182644435,0.9620358368141114
304,10.133333,source_frame_pts,reconstruction_camera0,reconstruction_unit,camera_reconstruction,False,0.6152251996513138,-0.1025500240811308,0.6873499872131968,-0.018805021216762186,-0.2708864970249256,-0.009861890852963861,0.9623770674820791
305,10.166667,source_frame_pts,reconstruction_camera0,reconstruction_unit,camera_reconstruction,False,0.6091458213739241,-0.10368156835661567,0.6865968253792273,-0.020720356080236837,-0.2681359132783041,-0.0076513318286858265,0.9631278502751155
306,10.2,source_frame_pts,reconstruction_camera0,reconstruction_unit,camera_reconstruction,False,0.5995473216149496,-0.10526367092978196,0.6852570434977305,-0.023046337268845578,-0.261978290160246,-0.005094216932872286,0.9647851008266273
307,10.233333,source_frame_pts,reconstruction_camera0,reconstruction_unit,camera_reconstruction,False,0.5871509901750536,-0.10848995548462947,0.6806896978945436,-0.02587025264965037,-0.2527632938082304,-0.0024613905142062396,0.9671790883222166
308,10.266667,source_frame_pts,reconstruction_camera0,reconstruction_unit,camera_reconstruction,False,0.5719778274314038,-0.11332466670541531,0.6730899316717543,-0.029377938402208762,-0.24058280887200553,0.0003053580859887526,0.9701838771938707
309,10.3,source_frame_pts,reconstruction_camera0,reconstruction_unit,camera_reconstruction,False,0.553275729376931,-0.11656197929556644,0.6628037906258962,-0.03319133214621927,-0.22535518286646297,0.0029611790594189745,0.9737066336654797
310,10.333333,source_frame_pts,reconstruction_camera0,reconstruction_unit,camera_reconstruction,False,0.533159993870557,-0.11832997578251502,0.6495839213921969,-0.03725499998088098,-0.21184624709038924,0.005708751976490662,0.9765759789801371
311,10.366667,source_frame_pts,reconstruction_camera0,reconstruction_unit,camera_reconstruction,False,0.5090457724387084,-0.1190585399363503,0.635272963757611,-0.0415372010245248,-0.20015608503516552,0.007724361102794826,0.9788526634790333
312,10.4,source_frame_pts,reconstruction_camera0,reconstruction_unit,camera_reconstruction,False,0.4822779082575744,-0.12041538271061492,0.6183056454461376,-0.04560196626517406,-0.18984149445538942,0.009729398786489481,0.980706891203966
313,10.433333,source_frame_pts,reconstruction_camera0,reconstruction_unit,camera_reconstruction,False,0.45556808098985824,-0.12387998741188627,0.5983341470551397,-0.04950392302606378,-0.1805032954375221,0.01163622513193996,0.9822588865497237
314,10.466667,source_frame_pts,reconstruction_camera0,reconstruction_unit,camera_reconstruction,False,0.43030904601552894,-0.1287184365068071,0.5738980017174969,-0.0532317091744617,-0.1720508904654853,0.013285203875778046,0.9835590371636967
315,10.5,source_frame_pts,reconstruction_camera0,reconstruction_unit,camera_reconstruction,False,0.40721643035479216,-0.13577663221442554,0.5457177477099344,-0.055797399378220223,-0.1644693766774392,0.01471372634009648,0.9846928356676263
316,10.533333,source_frame_pts,reconstruction_camera0,reconstruction_unit,camera_reconstruction,False,0.38731477957213856,-0.143906923485127,0.5132938458290583,-0.058384321936542784,-0.1574798792873792,0.015881504584699432,0.9856668485770276
317,10.566667,source_frame_pts,reconstruction_camera0,reconstruction_unit,camera_reconstruction,False,0.36874990218167386,-0.15275561011425132,0.4778233843607915,-0.06045194392722951,-0.15124376812304563,0.016544935155486874,0.9865075520238363
318,10.6,source_frame_pts,reconstruction_camera0,reconstruction_unit,camera_reconstruction,False,0.35057815642468687,-0.16229906596384033,0.4425836164162715,-0.06216668686029784,-0.14593990658592051,0.01690085431037452,0.987193602002204
319,10.633333,source_frame_pts,reconstruction_camera0,reconstruction_unit,camera_reconstruction,False,0.3314884599568035,-0.1727312242791644,0.4061089601278283,-0.06341424534824275,-0.14122334588208488,0.016614138008469677,0.9878049253182621
320,10.666667,source_frame_pts,reconstruction_camera0,reconstruction_unit,camera_reconstruction,False,0.3125910033701698,-0.1827583600212711,0.3689714681526802,-0.06353452048485812,-0.13767123062275968,0.015805142766728633,0.9883117900883797
321,10.7,source_frame_pts,reconstruction_camera0,reconstruction_unit,camera_reconstruction,False,0.29334386254203376,-0.1928215906275234,0.33231016366044325,-0.06301123405647234,-0.1349242896012402,0.014652631580417897,0.9887417867401224
322,10.733333,source_frame_pts,reconstruction_camera0,reconstruction_unit,camera_reconstruction,False,0.27351883744109895,-0.2019426185247011,0.29712725521347955,-0.06167699003730315,-0.1331852362344949,0.013249237902713616,0.9890814422706037
323,10.766667,source_frame_pts,reconstruction_camera0,reconstruction_unit,camera_reconstruction,False,0.2532094154342667,-0.20958504095363356,0.2648317412590952,-0.05984078976126858,-0.13258648460133585,0.011689972167713863,0.9892943184576193
324,10.8,source_frame_pts,reconstruction_camera0,reconstruction_unit,camera_reconstruction,False,0.23401052474269204,-0.2155570247311331,0.23308297837755934,-0.058099418958324364,-0.13368601878719288,0.010303262792441474,0.9892655602381826
325,10.833333,source_frame_pts,reconstruction_camera0,reconstruction_unit,camera_reconstruction,False,0.21576984115887854,-0.22031266084844053,0.19799918056127738,-0.0562468217459104,-0.13532802151223397,0.008783025137384428,0.9891640309405232
326,10.866667,source_frame_pts,reconstruction_camera0,reconstruction_unit,camera_reconstruction,False,0.198747775152956,-0.22425755140986495,0.16232220008969894,-0.054863889500505775,-0.13804071610712162,0.0077060604116336315,0.9888757914715284
327,10.9,source_frame_pts,reconstruction_camera0,reconstruction_unit,camera_reconstruction,False,0.18644427433093896,-0.22679152272637357,0.1262440700927222,-0.053433772948203756,-0.1407667721251153,0.006686209714560173,0.9885771807874429
328,10.933333,source_frame_pts,reconstruction_camera0,reconstruction_unit,camera_reconstruction,False,0.18013167946875822,-0.2292091564560336,0.08605157812642239,-0.052236701491236784,-0.14254536346200697,0.005990636971408232,0.9883907418837332
329,10.966667,source_frame_pts,reconstruction_camera0,reconstruction_unit,camera_reconstruction,False,0.17757587181222925,-0.2312134095859263,0.047418287445658895,-0.051074617651823126,-0.14371946227695184,0.005329148563644348,0.9882852319903048
330,11.0,source_frame_pts,reconstruction_camera0,reconstruction_unit,camera_reconstruction,False,0.17862490319381427,-0.23244476581473908,0.008779644740141163,-0.049881715627237436,-0.14432508834685276,0.004843018878474493,0.9882604052009264
331,11.033333,source_frame_pts,reconstruction_camera0,reconstruction_unit,camera_reconstruction,False,0.18312992626090974,-0.23334664699670635,-0.029064346721422794,-0.048501907593433494,-0.14466898583550228,0.004587217753207261,0.9882800245529654
332,11.066667,source_frame_pts,reconstruction_camera0,reconstruction_unit,camera_reconstruction,False,0.18968263574859046,-0.23438701228167877,-0.06644875113890154,-0.04658154381066124,-0.14473835999069415,0.004682808445672718,0.9883617952088602
333,11.1,source_frame_pts,reconstruction_camera0,reconstruction_unit,camera_reconstruction,False,0.19588204804056028,-0.23437174213614423,-0.09993428652808725,-0.04503168724270375,-0.14469299292287674,0.004947521735494109,0.988438974834447
334,11.133333,source_frame_pts,reconstruction_camera0,reconstruction_unit,camera_reconstruction,False,0.19742102909768727,-0.23473032277870845,-0.12592568006134588,-0.043374561614704155,-0.14471359836743314,0.005519576488812763,0.9885070339292815
335,11.166667,source_frame_pts,reconstruction_camera0,reconstruction_unit,camera_reconstruction,False,0.19599071638009194,-0.2363676996565077,-0.15349518004857657,-0.04233265951365331,-0.14462946840807012,0.006334015530196249,0.9885596304997304
336,11.2,source_frame_pts,reconstruction_camera0,reconstruction_unit,camera_reconstruction,False,0.19438051559605662,-0.23763817673444854,-0.1789712882272586,-0.041317524928507585,-0.14446407294691135,0.00710278179398305,0.9886215374207455
337,11.233333,source_frame_pts,reconstruction_camera0,reconstruction_unit,camera_reconstruction,False,0.19603365128352568,-0.23861787191444458,-0.20223176831520517,-0.04053959484980502,-0.1442531673739625,0.0077859673370302375,0.9886793937695981
338,11.266667,source_frame_pts,reconstruction_camera0,reconstruction_unit,camera_reconstruction,False,0.1999523798671284,-0.23940595283739227,-0.2245838782082045,-0.04010403856928744,-0.1435816333319296,0.00881083225656165,0.9887863014297453
339,11.3,source_frame_pts,reconstruction_camera0,reconstruction_unit,camera_reconstruction,False,0.20640830959276787,-0.23884454338831537,-0.2429414628930324,-0.039679685527382304,-0.14268134063604396,0.0096040844255802,0.9889263466775954
340,11.333333,source_frame_pts,reconstruction_camera0,reconstruction_unit,camera_reconstruction,False,0.21511153905655891,-0.23860945084385043,-0.26292323441686744,-0.03942346490294395,-0.14167479410562592,0.01047258931135544,0.9890724786401098
341,11.366667,source_frame_pts,reconstruction_camera0,reconstruction_unit,camera_reconstruction,False,0.22434045309436154,-0.23878928314569312,-0.2797564040903471,-0.03927244804477691,-0.1405630463453357,0.011281688160342578,0.9892281983136865
342,11.4,source_frame_pts,reconstruction_camera0,reconstruction_unit,camera_reconstruction,False,0.23304707141912467,-0.23896960964195707,-0.29534653094203567,-0.03925202169111103,-0.13957247184175334,0.011888944052867188,0.989362146489571
343,11.433333,source_frame_pts,reconstruction_camera0,reconstruction_unit,camera_reconstruction,False,0.24075377036597576,-0.23927653103114838,-0.31014815373519694,-0.03937806272300779,-0.13882121884558016,0.012504351748686979,0.9894552433343085
344,11.466667,source_frame_pts,reconstruction_camera0,reconstruction_unit,camera_reconstruction,False,0.24660447318151044,-0.2395907198590796,-0.3236306651833316,-0.03963663960908283,-0.13817235051796156,0.01289674598238889,0.9895307030587314
345,11.5,source_frame_pts,reconstruction_camera0,reconstruction_unit,camera_reconstruction,False,0.2508106349710103,-0.23923790281534854,-0.3340132001512393,-0.03987105608967778,-0.1376237617043703,0.01331356829860976,0.9895922129846166
346,11.533333,source_frame_pts,reconstruction_camera0,reconstruction_unit,camera_reconstruction,False,0.254640900964674,-0.23825782419685318,-0.3432474062879128,-0.04026417372573133,-0.13729581827381337,0.01350834868670521,0.9896192091478755
347,11.566667,source_frame_pts,reconstruction_camera0,reconstruction_unit,camera_reconstruction,False,0.2558776021362931,-0.236841061366321,-0.3504129050572233,-0.04056899320499303,-0.13699213940675706,0.013602813866698043,0.9896475503865004
348,11.6,source_frame_pts,reconstruction_camera0,reconstruction_unit,camera_reconstruction,False,0.2559652825564081,-0.23527396064106618,-0.35672941566517125,-0.040877469717832855,-0.13667493556901353,0.013624924656216468,0.9896784103357951
349,11.633333,source_frame_pts,reconstruction_camera0,reconstruction_unit,camera_reconstruction,False,0.2542042786058687,-0.2339644973226114,-0.3613932076084905,-0.041313807442306,-0.1363022935435095,0.013577809806172379,0.9897123305134005
350,11.666667,source_frame_pts,reconstruction_camera0,reconstruction_unit,camera_reconstruction,False,0.2501178471330376,-0.2321641779511047,-0.36359208494510875,-0.041696541897036817,-0.1360021366901727,0.013395054631535695,0.9897400616934502
351,11.7,source_frame_pts,reconstruction_camera0,reconstruction_unit,camera_reconstruction,False,0.244313481540124,-0.2301468046929292,-0.36604587580259024,-0.042121698399143453,-0.13564565459588493,0.012989215454062505,0.9897763884813142
352,11.733333,source_frame_pts,reconstruction_camera0,reconstruction_unit,camera_reconstruction,False,0.2367005502424727,-0.228696047764325,-0.3652020587930901,-0.04261806024920879,-0.1352671515170576,0.012714107687068923,0.989810512232911
353,11.766667,source_frame_pts,reconstruction_camera0,reconstruction_unit,camera_reconstruction,False,0.2283692138750351,-0.22659406846502972,-0.36185197061864355,-0.0431590440841503,-0.13491608171118039,0.012484891648438292,0.9898379035427827
354,11.8,source_frame_pts,reconstruction_camera0,reconstruction_unit,camera_reconstruction,False,0.22104524188050778,-0.22371990064320585,-0.35449809910481195,-0.04391907851596654,-0.13463819156791504,0.012175229229191765,0.989846167698217
355,11.833333,source_frame_pts,reconstruction_camera0,reconstruction_unit,camera_reconstruction,False,0.21426491288616964,-0.219753340039021,-0.3436745169914784,-0.045439400009581535,-0.13443584995879485,0.011665834456042601,0.9898111797100848
356,11.866667,source_frame_pts,reconstruction_camera0,reconstruction_unit,camera_reconstruction,False,0.20846736898250667,-0.21628252881248453,-0.3305916626881457,-0.046952376257600334,-0.13429852848844986,0.011229278238692115,0.9897642562347054
357,11.9,source_frame_pts,reconstruction_camera0,reconstruction_unit,camera_reconstruction,False,0.201757899877983,-0.2131123852198969,-0.318989783322809,-0.04895874913520034,-0.13417366978724757,0.01065247486815592,0.9896903515737245
358,11.933333,source_frame_pts,reconstruction_camera0,reconstruction_unit,camera_reconstruction,False,0.19649364996068755,-0.2107374410928064,-0.308045759902318,-0.0506858678095703,-0.1341881954665477,0.010373491129446239,0.9896043965563257
